interest,skill,subject,personality,career
Defense,Analytical Thinking,Biology,Analytical,Airforce Officer
Defense,Analytical Thinking,Commerce,Creative,Army Officer
Creative,Physical Fitness,Biology,Practical,Content Creator
Agriculture,Communication,Computer Science,Creative,Agriculture Officer
Defense,Practical,Biology,Analytical,Army Officer
Sports,Analytical Thinking,Computer Science,Social,Trainer
Sports,Communication,Computer Science,Creative,Coach
Government Jobs,Creativity,Biology,Practical,Bank Officer
Medical,Physical Fitness,Arts,Creative,Doctor
Business,Communication,None,Creative,Manager
Medical,Leadership,None,Social,Lab Technician
Technology,Leadership,Maths,Social,Data Scientist
Medical,Physical Fitness,Maths,Creative,Lab Technician
Sports,Leadership,Commerce,Practical,Athlete
Creative,Practical,Computer Science,Leader,Animator
Medical,Problem Solving,Maths,Analytical,Lab Technician
Teaching,Problem Solving,None,Practical,Lecturer
Hospitality,Creativity,Biology,Practical,Chef
Defense,Practical,None,Practical,Navy Officer
Medical,Physical Fitness,Arts,Practical,Lab Technician
Business,Physical Fitness,Maths,Social,Manager
Technology,Communication,Arts,Creative,Data Scientist
Business,Practical,Commerce,Analytical,Manager
Business,Physical Fitness,None,Social,Entrepreneur
Agriculture,Communication,Maths,Practical,Agri Business
Sports,Practical,Commerce,Social,Coach
Sports,Practical,Arts,Practical,Athlete
Hospitality,Leadership,Computer Science,Analytical,Hotel Manager
Creative,Problem Solving,Arts,Analytical,UI UX Designer
Hospitality,Creativity,None,Practical,Hotel Manager
Hospitality,Problem Solving,Commerce,Practical,Hotel Manager
Medical,Communication,Maths,Social,Pharmacist
Sports,Leadership,Computer Science,Leader,Trainer
Government Jobs,Problem Solving,Biology,Creative,Govt Officer
Sports,Problem Solving,Arts,Social,Coach
Defense,Leadership,Arts,Social,Airforce Officer
Technology,Analytical Thinking,Maths,Practical,Data Scientist
Hospitality,Physical Fitness,Arts,Leader,Hotel Manager
Creative,Leadership,Maths,Practical,Animator
Hospitality,Creativity,Arts,Creative,Chef
Medical,Communication,Maths,Social,Doctor
Agriculture,Practical,Arts,Practical,Farmer
Creative,Problem Solving,Arts,Creative,UI UX Designer
Creative,Practical,Computer Science,Creative,Graphic Designer
Government Jobs,Communication,Arts,Analytical,IAS Officer
Creative,Practical,Commerce,Leader,Graphic Designer
Sports,Analytical Thinking,Commerce,Practical,Trainer
Defense,Creativity,None,Social,Army Officer
Agriculture,Leadership,Arts,Leader,Agri Business
Technology,Problem Solving,Commerce,Practical,AI Engineer
Government Jobs,Problem Solving,Computer Science,Analytical,Bank Officer
Government Jobs,Analytical Thinking,Biology,Practical,IAS Officer
Government Jobs,Analytical Thinking,Biology,Creative,IAS Officer
Sports,Creativity,None,Practical,Athlete
Technology,Analytical Thinking,Arts,Leader,AI Engineer
Teaching,Practical,Commerce,Practical,Lecturer
Creative,Analytical Thinking,Computer Science,Leader,Animator
Government Jobs,Practical,Biology,Leader,IAS Officer
Agriculture,Problem Solving,None,Practical,Agri Business
Agriculture,Physical Fitness,Commerce,Social,Agri Business
Medical,Practical,Biology,Practical,Pharmacist
Creative,Communication,Computer Science,Social,UI UX Designer
Agriculture,Practical,None,Creative,Farmer
Sports,Creativity,Biology,Leader,Trainer
Medical,Creativity,Maths,Leader,Doctor
Sports,Problem Solving,Maths,Analytical,Coach
Teaching,Analytical Thinking,Maths,Analytical,Professor
Creative,Creativity,Commerce,Leader,Graphic Designer
Agriculture,Leadership,Commerce,Social,Farmer
Hospitality,Physical Fitness,Biology,Practical,Tourism Manager
Technology,Leadership,None,Social,AI Engineer
Hospitality,Problem Solving,Biology,Analytical,Tourism Manager
Business,Physical Fitness,Computer Science,Analytical,Entrepreneur
Business,Problem Solving,Biology,Practical,Manager
Business,Creativity,Computer Science,Analytical,Business Analyst
Government Jobs,Analytical Thinking,Arts,Practical,Govt Officer
Government Jobs,Analytical Thinking,Maths,Social,Bank Officer
Medical,Physical Fitness,Commerce,Leader,Lab Technician
Government Jobs,Analytical Thinking,Computer Science,Social,IAS Officer
Medical,Physical Fitness,Computer Science,Social,Doctor
Teaching,Leadership,Commerce,Leader,Professor
Hospitality,Physical Fitness,Commerce,Social,Chef
Medical,Leadership,Arts,Creative,Doctor
Hospitality,Physical Fitness,Maths,Creative,Chef
Teaching,Practical,Computer Science,Analytical,Professor
Business,Creativity,Biology,Leader,Business Analyst
Sports,Leadership,Commerce,Leader,Trainer
Medical,Communication,Biology,Practical,Nurse
Medical,Communication,Biology,Social,Nurse
Agriculture,Physical Fitness,Arts,Leader,Agri Business
Agriculture,Creativity,None,Social,Agri Business
Business,Analytical Thinking,Arts,Practical,Entrepreneur
Medical,Communication,Commerce,Practical,Doctor
Technology,Problem Solving,Maths,Analytical,Data Scientist
Technology,Practical,Computer Science,Analytical,Data Scientist
Creative,Problem Solving,None,Analytical,Graphic Designer
Business,Analytical Thinking,Commerce,Analytical,Entrepreneur
Hospitality,Leadership,None,Leader,Chef
Hospitality,Physical Fitness,Commerce,Practical,Chef
Technology,Physical Fitness,Biology,Social,AI Engineer
Government Jobs,Creativity,Maths,Analytical,IAS Officer
Creative,Leadership,Computer Science,Social,UI UX Designer
Hospitality,Communication,Arts,Creative,Chef
Business,Physical Fitness,Commerce,Creative,Manager
Creative,Physical Fitness,Biology,Analytical,Animator
Defense,Communication,Maths,Social,Army Officer
Creative,Communication,Maths,Practical,Animator
Teaching,Creativity,None,Leader,Lecturer
Medical,Physical Fitness,Commerce,Leader,Nurse
Creative,Problem Solving,None,Social,UI UX Designer
Government Jobs,Creativity,Maths,Creative,IAS Officer
Defense,Physical Fitness,Arts,Leader,Navy Officer
Government Jobs,Leadership,Biology,Analytical,IAS Officer
Government Jobs,Practical,Commerce,Creative,IAS Officer
Technology,Creativity,Biology,Leader,Data Scientist
Technology,Physical Fitness,None,Social,Software Engineer
Hospitality,Physical Fitness,Maths,Creative,Hotel Manager
Hospitality,Physical Fitness,Biology,Analytical,Hotel Manager
Hospitality,Practical,Arts,Social,Hotel Manager
Hospitality,Communication,Maths,Practical,Tourism Manager
Agriculture,Communication,None,Practical,Agri Business
Business,Practical,Commerce,Analytical,Business Analyst
Agriculture,Analytical Thinking,Computer Science,Leader,Agriculture Officer
Teaching,Problem Solving,Commerce,Creative,Teacher
Hospitality,Analytical Thinking,None,Creative,Hotel Manager
Defense,Physical Fitness,Computer Science,Creative,Navy Officer
Teaching,Physical Fitness,Computer Science,Leader,Lecturer
Business,Leadership,Commerce,Social,Business Analyst
Defense,Analytical Thinking,Maths,Creative,Airforce Officer
Business,Analytical Thinking,None,Analytical,Entrepreneur
Creative,Problem Solving,Computer Science,Creative,Content Creator
Hospitality,Analytical Thinking,Computer Science,Practical,Tourism Manager
Creative,Practical,Maths,Analytical,Animator
Business,Communication,Computer Science,Leader,Business Analyst
Business,Communication,Biology,Creative,Entrepreneur
Medical,Analytical Thinking,Computer Science,Leader,Pharmacist
Defense,Physical Fitness,None,Social,Army Officer
Government Jobs,Leadership,Maths,Social,Govt Officer
Sports,Physical Fitness,None,Social,Athlete
Government Jobs,Leadership,None,Analytical,Govt Officer
Hospitality,Practical,Computer Science,Analytical,Hotel Manager
Teaching,Creativity,Computer Science,Leader,Lecturer
Government Jobs,Leadership,Arts,Analytical,Bank Officer
Creative,Physical Fitness,Maths,Practical,Content Creator
Sports,Physical Fitness,Biology,Analytical,Trainer
Medical,Leadership,None,Practical,Lab Technician
Medical,Creativity,Biology,Creative,Doctor
Sports,Leadership,None,Practical,Coach
Sports,Practical,None,Creative,Trainer
Defense,Physical Fitness,Commerce,Analytical,Army Officer
Defense,Physical Fitness,Computer Science,Social,Navy Officer
Technology,Communication,Arts,Social,AI Engineer
Hospitality,Physical Fitness,Computer Science,Creative,Tourism Manager
Business,Problem Solving,Arts,Creative,Business Analyst
Agriculture,Leadership,Arts,Social,Agri Business
Sports,Analytical Thinking,None,Leader,Trainer
Agriculture,Analytical Thinking,Arts,Creative,Farmer
Government Jobs,Communication,Biology,Practical,IAS Officer
Creative,Communication,Arts,Social,Animator
Creative,Leadership,Maths,Creative,UI UX Designer
Hospitality,Physical Fitness,None,Social,Tourism Manager
Business,Problem Solving,Commerce,Analytical,Manager
Teaching,Creativity,None,Practical,Professor
Sports,Physical Fitness,Computer Science,Practical,Coach
Business,Physical Fitness,Commerce,Practical,Manager
Defense,Physical Fitness,Computer Science,Analytical,Army Officer
Medical,Physical Fitness,Computer Science,Analytical,Nurse
Medical,Leadership,None,Leader,Pharmacist
Government Jobs,Practical,Arts,Analytical,Bank Officer
Teaching,Practical,Biology,Social,Teacher
Defense,Analytical Thinking,None,Creative,Navy Officer
Teaching,Physical Fitness,Commerce,Analytical,Lecturer
Government Jobs,Leadership,None,Creative,Bank Officer
Agriculture,Practical,Maths,Leader,Agriculture Officer
Teaching,Analytical Thinking,Arts,Practical,Professor
Sports,Practical,Arts,Social,Coach
Government Jobs,Physical Fitness,Computer Science,Creative,Govt Officer
Government Jobs,Analytical Thinking,Computer Science,Practical,IAS Officer
Business,Communication,None,Practical,Manager
Agriculture,Physical Fitness,Biology,Analytical,Agriculture Officer
Defense,Creativity,Commerce,Social,Airforce Officer
Agriculture,Communication,Biology,Social,Agri Business
Defense,Communication,Biology,Leader,Airforce Officer
Business,Practical,Computer Science,Leader,Business Analyst
Government Jobs,Practical,Arts,Analytical,Bank Officer
Business,Communication,Computer Science,Practical,Manager
Sports,Communication,Maths,Social,Trainer
Government Jobs,Practical,Biology,Social,Govt Officer
Sports,Analytical Thinking,None,Creative,Trainer
Teaching,Leadership,Arts,Practical,Teacher
Teaching,Leadership,Computer Science,Practical,Teacher
Sports,Problem Solving,None,Leader,Coach
Technology,Leadership,Maths,Practical,Software Engineer
Agriculture,Practical,Biology,Creative,Farmer
Medical,Practical,Arts,Creative,Doctor
Teaching,Leadership,Biology,Analytical,Professor
Defense,Physical Fitness,Arts,Leader,Airforce Officer
Hospitality,Problem Solving,Computer Science,Practical,Hotel Manager
Teaching,Physical Fitness,Maths,Practical,Professor
Hospitality,Creativity,Commerce,Creative,Tourism Manager
Medical,Creativity,None,Leader,Nurse
Hospitality,Practical,Arts,Leader,Tourism Manager
Hospitality,Practical,Commerce,Analytical,Chef
Teaching,Analytical Thinking,Arts,Social,Teacher
Business,Problem Solving,Arts,Analytical,Business Analyst
Hospitality,Practical,Maths,Practical,Tourism Manager
Agriculture,Problem Solving,Maths,Practical,Farmer
Business,Analytical Thinking,Computer Science,Leader,Manager
Agriculture,Communication,Biology,Social,Agriculture Officer
Defense,Leadership,Maths,Practical,Navy Officer
Agriculture,Communication,Computer Science,Social,Farmer
Government Jobs,Physical Fitness,Maths,Analytical,IAS Officer
Sports,Analytical Thinking,Maths,Leader,Trainer
Creative,Creativity,Maths,Creative,Content Creator
Creative,Communication,Arts,Analytical,UI UX Designer
Agriculture,Creativity,Computer Science,Social,Agriculture Officer
Business,Practical,Arts,Leader,Manager
Business,Creativity,Biology,Practical,Manager
Creative,Communication,Biology,Social,Animator
Government Jobs,Problem Solving,Commerce,Analytical,Govt Officer
Hospitality,Communication,Biology,Creative,Tourism Manager
Defense,Communication,Computer Science,Social,Army Officer
Teaching,Problem Solving,Commerce,Practical,Teacher
Government Jobs,Communication,Computer Science,Practical,IAS Officer
Business,Analytical Thinking,Biology,Leader,Business Analyst
Government Jobs,Communication,Computer Science,Creative,Govt Officer
Government Jobs,Physical Fitness,Commerce,Leader,IAS Officer
Technology,Creativity,None,Creative,Software Engineer
Government Jobs,Analytical Thinking,Commerce,Analytical,Bank Officer
Government Jobs,Leadership,None,Analytical,IAS Officer
Hospitality,Physical Fitness,Computer Science,Practical,Hotel Manager
Agriculture,Leadership,Arts,Social,Agriculture Officer
Teaching,Analytical Thinking,Maths,Analytical,Professor
Medical,Practical,None,Social,Pharmacist
Technology,Physical Fitness,Maths,Social,AI Engineer
Teaching,Creativity,Biology,Practical,Professor
Business,Leadership,Biology,Leader,Entrepreneur
Sports,Problem Solving,None,Leader,Athlete
Business,Analytical Thinking,Maths,Social,Manager
Government Jobs,Problem Solving,Computer Science,Practical,Bank Officer
Defense,Creativity,Commerce,Analytical,Army Officer
Creative,Problem Solving,Biology,Creative,Graphic Designer
Medical,Creativity,Maths,Practical,Lab Technician
Creative,Problem Solving,None,Creative,Graphic Designer
Medical,Communication,Biology,Creative,Lab Technician
Creative,Practical,Arts,Creative,Content Creator
Government Jobs,Leadership,Maths,Practical,Govt Officer
Teaching,Communication,Commerce,Leader,Professor
Government Jobs,Leadership,Maths,Leader,Govt Officer
Medical,Creativity,Maths,Practical,Lab Technician
Sports,Creativity,Biology,Analytical,Coach
Agriculture,Communication,Maths,Leader,Agriculture Officer
Defense,Physical Fitness,Maths,Leader,Airforce Officer
Sports,Physical Fitness,Commerce,Analytical,Coach
Technology,Creativity,Arts,Creative,Web Developer
Government Jobs,Practical,Computer Science,Creative,IAS Officer
Medical,Analytical Thinking,Maths,Social,Nurse
Agriculture,Practical,Commerce,Leader,Farmer
Sports,Leadership,Computer Science,Practical,Coach
Defense,Practical,Commerce,Analytical,Navy Officer
Teaching,Communication,Biology,Social,Professor
Medical,Leadership,Computer Science,Leader,Doctor
Defense,Problem Solving,Biology,Practical,Airforce Officer
Hospitality,Practical,None,Analytical,Hotel Manager
Hospitality,Problem Solving,Computer Science,Creative,Hotel Manager
Hospitality,Leadership,Arts,Creative,Hotel Manager
Business,Communication,Commerce,Analytical,Entrepreneur
Creative,Practical,None,Leader,UI UX Designer
Agriculture,Leadership,Computer Science,Creative,Agri Business
Business,Communication,Arts,Analytical,Entrepreneur
Technology,Creativity,Arts,Creative,Data Scientist
Teaching,Physical Fitness,Computer Science,Creative,Lecturer
Teaching,Leadership,Maths,Analytical,Teacher
Government Jobs,Leadership,Arts,Social,Govt Officer
Hospitality,Practical,Biology,Leader,Tourism Manager
Government Jobs,Physical Fitness,Maths,Leader,Bank Officer
Technology,Leadership,Computer Science,Analytical,Software Engineer
Defense,Analytical Thinking,None,Social,Navy Officer
Medical,Practical,Maths,Leader,Pharmacist
Business,Physical Fitness,Biology,Practical,Entrepreneur
Teaching,Physical Fitness,Commerce,Practical,Professor
Teaching,Creativity,Biology,Social,Lecturer
Teaching,Physical Fitness,Commerce,Leader,Professor
Technology,Communication,Maths,Creative,AI Engineer
Defense,Physical Fitness,None,Social,Airforce Officer
Medical,Physical Fitness,Biology,Leader,Nurse
Medical,Practical,None,Social,Doctor
Creative,Creativity,None,Creative,Content Creator
Hospitality,Leadership,Maths,Social,Tourism Manager
Creative,Problem Solving,Maths,Analytical,Animator
Government Jobs,Analytical Thinking,Maths,Practical,Govt Officer
Government Jobs,Analytical Thinking,Maths,Social,Bank Officer
Sports,Creativity,Biology,Analytical,Athlete
Medical,Practical,Arts,Creative,Lab Technician
Business,Problem Solving,None,Analytical,Business Analyst
Business,Analytical Thinking,Maths,Social,Manager
Business,Creativity,Biology,Practical,Manager
Teaching,Practical,Computer Science,Creative,Professor
Defense,Analytical Thinking,Computer Science,Social,Airforce Officer
Teaching,Practical,Biology,Practical,Teacher
Defense,Creativity,Arts,Analytical,Navy Officer
Sports,Problem Solving,Maths,Social,Trainer
Agriculture,Communication,Maths,Creative,Agriculture Officer
Technology,Problem Solving,Commerce,Analytical,Software Engineer
Agriculture,Practical,Computer Science,Analytical,Agriculture Officer
Sports,Analytical Thinking,Commerce,Social,Athlete
Government Jobs,Problem Solving,Commerce,Practical,IAS Officer
Government Jobs,Analytical Thinking,Biology,Social,IAS Officer
Government Jobs,Practical,Biology,Social,Bank Officer
Business,Creativity,Computer Science,Analytical,Entrepreneur
Defense,Physical Fitness,None,Creative,Navy Officer
Teaching,Analytical Thinking,Biology,Practical,Lecturer
Defense,Practical,Computer Science,Creative,Army Officer
Creative,Problem Solving,Biology,Social,Animator
Creative,Communication,Biology,Creative,Content Creator
Government Jobs,Physical Fitness,Arts,Practical,Govt Officer
Creative,Creativity,Maths,Analytical,UI UX Designer
Medical,Leadership,Computer Science,Analytical,Nurse
Teaching,Problem Solving,Biology,Social,Professor
Defense,Creativity,Commerce,Analytical,Navy Officer
Government Jobs,Problem Solving,Commerce,Practical,IAS Officer
Creative,Problem Solving,Biology,Creative,Animator
Sports,Analytical Thinking,Computer Science,Creative,Trainer
Hospitality,Practical,Computer Science,Analytical,Hotel Manager
Government Jobs,Practical,Arts,Analytical,IAS Officer
Creative,Leadership,Biology,Leader,Animator
Business,Analytical Thinking,Arts,Leader,Manager
Medical,Creativity,Biology,Leader,Doctor
Sports,Problem Solving,Commerce,Leader,Athlete
Government Jobs,Analytical Thinking,None,Leader,Bank Officer
Technology,Practical,Computer Science,Creative,Web Developer
Hospitality,Practical,Computer Science,Leader,Tourism Manager
Technology,Physical Fitness,Biology,Practical,AI Engineer
Government Jobs,Leadership,Computer Science,Social,Bank Officer
Creative,Analytical Thinking,Commerce,Leader,Animator
Teaching,Practical,None,Social,Lecturer
Sports,Creativity,Computer Science,Creative,Coach
Technology,Communication,Computer Science,Creative,AI Engineer
Technology,Analytical Thinking,Commerce,Analytical,Data Scientist
Sports,Problem Solving,None,Leader,Athlete
Government Jobs,Creativity,Biology,Leader,IAS Officer
Defense,Analytical Thinking,Biology,Analytical,Army Officer
Medical,Communication,Biology,Creative,Doctor
Business,Leadership,Computer Science,Social,Business Analyst
Creative,Creativity,Maths,Analytical,Graphic Designer
Business,Practical,Computer Science,Leader,Business Analyst
Agriculture,Communication,None,Analytical,Agriculture Officer
Medical,Physical Fitness,Maths,Analytical,Lab Technician
Sports,Analytical Thinking,Commerce,Practical,Athlete
Teaching,Analytical Thinking,Computer Science,Practical,Teacher
Agriculture,Analytical Thinking,Arts,Practical,Agri Business
Technology,Analytical Thinking,Biology,Practical,Software Engineer
Sports,Communication,Computer Science,Analytical,Coach
Sports,Communication,Maths,Social,Athlete
Creative,Problem Solving,Biology,Analytical,UI UX Designer
Business,Communication,Arts,Creative,Manager
Agriculture,Analytical Thinking,Computer Science,Social,Agri Business
Government Jobs,Creativity,None,Analytical,Govt Officer
Government Jobs,Creativity,Maths,Social,IAS Officer
Hospitality,Problem Solving,Computer Science,Leader,Tourism Manager
Agriculture,Leadership,Commerce,Creative,Agri Business
Business,Communication,Commerce,Creative,Manager
Defense,Analytical Thinking,None,Leader,Army Officer
Defense,Creativity,Biology,Practical,Navy Officer
Sports,Physical Fitness,None,Social,Athlete
Creative,Creativity,Arts,Practical,Content Creator
Technology,Problem Solving,Arts,Analytical,Data Scientist
Creative,Leadership,None,Practical,UI UX Designer
Defense,Physical Fitness,Maths,Creative,Navy Officer
Creative,Practical,Biology,Creative,Content Creator
Medical,Creativity,Commerce,Practical,Pharmacist
Medical,Leadership,Maths,Analytical,Doctor
Agriculture,Practical,None,Social,Agriculture Officer
Technology,Creativity,Computer Science,Creative,AI Engineer
Government Jobs,Analytical Thinking,None,Social,IAS Officer
Creative,Leadership,Biology,Creative,Content Creator
Agriculture,Communication,Commerce,Practical,Agriculture Officer
Business,Problem Solving,None,Social,Business Analyst
Government Jobs,Leadership,Commerce,Leader,IAS Officer
Hospitality,Communication,None,Leader,Tourism Manager
Medical,Communication,None,Social,Doctor
Hospitality,Analytical Thinking,Computer Science,Creative,Chef
Business,Physical Fitness,Maths,Practical,Manager
Technology,Creativity,Computer Science,Analytical,Web Developer
Business,Leadership,Computer Science,Practical,Entrepreneur
Government Jobs,Leadership,Maths,Creative,Govt Officer
Medical,Creativity,Maths,Practical,Doctor
Agriculture,Physical Fitness,Maths,Social,Agri Business
Sports,Communication,Computer Science,Analytical,Coach
Agriculture,Problem Solving,None,Social,Agri Business
Government Jobs,Practical,Arts,Creative,Govt Officer
Government Jobs,Problem Solving,Maths,Practical,Bank Officer
Technology,Practical,Biology,Leader,Data Scientist
Defense,Communication,Biology,Creative,Army Officer
Defense,Creativity,Arts,Practical,Airforce Officer
Creative,Analytical Thinking,None,Social,UI UX Designer
Government Jobs,Creativity,Commerce,Creative,IAS Officer
Agriculture,Practical,Arts,Practical,Agri Business
Business,Creativity,Commerce,Social,Manager
Government Jobs,Creativity,Computer Science,Practical,Govt Officer
Government Jobs,Physical Fitness,Maths,Leader,IAS Officer
Business,Leadership,Maths,Analytical,Manager
Sports,Communication,None,Social,Coach
Hospitality,Communication,None,Creative,Chef
Technology,Analytical Thinking,None,Leader,AI Engineer
Technology,Analytical Thinking,Arts,Social,AI Engineer
Creative,Leadership,None,Creative,UI UX Designer
Teaching,Problem Solving,Arts,Creative,Professor
Technology,Creativity,Arts,Leader,Web Developer
Medical,Leadership,None,Leader,Doctor
Business,Practical,Computer Science,Practical,Business Analyst
Defense,Physical Fitness,Maths,Social,Airforce Officer
Agriculture,Problem Solving,Arts,Analytical,Farmer
Agriculture,Problem Solving,Commerce,Practical,Agriculture Officer
Sports,Problem Solving,Maths,Practical,Trainer
Teaching,Analytical Thinking,Commerce,Social,Teacher
Creative,Creativity,Biology,Practical,Content Creator
Government Jobs,Creativity,Computer Science,Social,Govt Officer
Teaching,Physical Fitness,Commerce,Analytical,Lecturer
Sports,Creativity,Maths,Social,Coach
Teaching,Analytical Thinking,Maths,Creative,Lecturer
Business,Communication,Computer Science,Creative,Entrepreneur
Defense,Communication,Commerce,Leader,Army Officer
Sports,Analytical Thinking,Computer Science,Analytical,Athlete
Hospitality,Leadership,None,Analytical,Hotel Manager
Hospitality,Communication,Computer Science,Social,Chef
Hospitality,Communication,Arts,Creative,Tourism Manager
Government Jobs,Problem Solving,Arts,Practical,IAS Officer
Medical,Communication,None,Analytical,Pharmacist
Government Jobs,Analytical Thinking,Biology,Analytical,Bank Officer
Agriculture,Practical,Biology,Practical,Farmer
Business,Practical,None,Analytical,Entrepreneur
Sports,Practical,Commerce,Creative,Athlete
Defense,Analytical Thinking,Biology,Creative,Army Officer
Hospitality,Creativity,None,Social,Tourism Manager
Defense,Communication,Maths,Leader,Navy Officer
Teaching,Physical Fitness,Commerce,Creative,Professor
Sports,Analytical Thinking,None,Social,Athlete
Teaching,Creativity,Biology,Leader,Professor
Medical,Analytical Thinking,None,Practical,Lab Technician
Creative,Analytical Thinking,None,Social,UI UX Designer
Medical,Physical Fitness,None,Practical,Pharmacist
Creative,Communication,Biology,Creative,Graphic Designer
Teaching,Physical Fitness,Computer Science,Creative,Professor
Defense,Physical Fitness,Arts,Creative,Navy Officer
Sports,Leadership,Biology,Analytical,Coach
Medical,Practical,Computer Science,Social,Pharmacist
Sports,Practical,None,Social,Trainer
Agriculture,Analytical Thinking,Biology,Analytical,Agri Business
Creative,Problem Solving,Commerce,Leader,Content Creator
Creative,Practical,Arts,Creative,Content Creator
Medical,Leadership,Commerce,Leader,Nurse
Creative,Problem Solving,Arts,Practical,Animator
Technology,Leadership,Biology,Practical,AI Engineer
Creative,Problem Solving,Arts,Leader,Graphic Designer
Medical,Problem Solving,None,Creative,Nurse
Technology,Creativity,Biology,Social,Web Developer
Hospitality,Analytical Thinking,Biology,Leader,Chef
Government Jobs,Analytical Thinking,None,Analytical,Govt Officer
Agriculture,Analytical Thinking,None,Social,Farmer
Medical,Problem Solving,Biology,Practical,Nurse
Creative,Creativity,Biology,Practical,Content Creator
Business,Problem Solving,Maths,Social,Business Analyst
Agriculture,Communication,Computer Science,Analytical,Farmer
Technology,Practical,Biology,Leader,Web Developer
Medical,Practical,Computer Science,Social,Nurse
Technology,Analytical Thinking,Computer Science,Practical,Software Engineer
Agriculture,Physical Fitness,Arts,Analytical,Agriculture Officer
Government Jobs,Practical,Commerce,Leader,Govt Officer
Government Jobs,Practical,Commerce,Practical,Bank Officer
Teaching,Communication,Maths,Social,Lecturer
Medical,Physical Fitness,Arts,Social,Nurse
Agriculture,Problem Solving,Commerce,Leader,Agri Business
Hospitality,Leadership,Maths,Creative,Hotel Manager
Hospitality,Physical Fitness,None,Leader,Hotel Manager
Technology,Problem Solving,Commerce,Leader,Software Engineer
Medical,Analytical Thinking,None,Practical,Lab Technician
Government Jobs,Leadership,Commerce,Social,Govt Officer
Business,Physical Fitness,Maths,Leader,Entrepreneur
Teaching,Analytical Thinking,Computer Science,Creative,Lecturer
Government Jobs,Analytical Thinking,Commerce,Social,Bank Officer
Sports,Physical Fitness,None,Analytical,Athlete
Government Jobs,Creativity,Commerce,Analytical,Govt Officer
Defense,Problem Solving,Arts,Analytical,Navy Officer
Hospitality,Communication,Maths,Practical,Hotel Manager
Teaching,Analytical Thinking,None,Social,Lecturer
Business,Leadership,Biology,Analytical,Entrepreneur
Business,Creativity,Biology,Analytical,Entrepreneur
Sports,Leadership,Biology,Leader,Coach
Teaching,Problem Solving,Computer Science,Creative,Teacher
Business,Practical,Commerce,Social,Manager
Government Jobs,Creativity,Arts,Creative,Bank Officer
Agriculture,Communication,Commerce,Practical,Agriculture Officer
Teaching,Creativity,Maths,Social,Professor
Teaching,Problem Solving,Computer Science,Social,Lecturer
Medical,Problem Solving,None,Practical,Doctor
Teaching,Physical Fitness,Commerce,Leader,Teacher
Government Jobs,Practical,None,Leader,IAS Officer
Agriculture,Practical,None,Leader,Agriculture Officer
Government Jobs,Communication,Computer Science,Practical,IAS Officer
Technology,Creativity,None,Creative,Data Scientist
Medical,Physical Fitness,Commerce,Analytical,Nurse
Hospitality,Analytical Thinking,Biology,Creative,Hotel Manager
Technology,Communication,Commerce,Practical,Data Scientist
Agriculture,Problem Solving,Arts,Leader,Agri Business
Defense,Physical Fitness,Maths,Creative,Airforce Officer
Agriculture,Creativity,Commerce,Creative,Agri Business
Business,Physical Fitness,Computer Science,Practical,Business Analyst
Technology,Analytical Thinking,Arts,Social,Web Developer
Hospitality,Practical,Maths,Practical,Chef
Hospitality,Creativity,None,Creative,Tourism Manager
Defense,Leadership,Biology,Analytical,Airforce Officer
Sports,Leadership,Maths,Analytical,Coach
Sports,Practical,None,Social,Athlete
Defense,Creativity,None,Practical,Navy Officer
Teaching,Leadership,Biology,Practical,Teacher
Agriculture,Analytical Thinking,Arts,Creative,Agriculture Officer
Agriculture,Analytical Thinking,Maths,Creative,Farmer
Sports,Creativity,Commerce,Social,Coach
Technology,Analytical Thinking,Biology,Analytical,AI Engineer
Defense,Leadership,Maths,Practical,Navy Officer
Hospitality,Communication,None,Creative,Hotel Manager
Agriculture,Physical Fitness,Computer Science,Analytical,Farmer
Defense,Practical,None,Creative,Army Officer
Hospitality,Leadership,Computer Science,Analytical,Tourism Manager
Teaching,Creativity,Biology,Social,Lecturer
Hospitality,Analytical Thinking,None,Analytical,Hotel Manager
Teaching,Communication,Computer Science,Social,Lecturer
Creative,Physical Fitness,Computer Science,Leader,Content Creator
Business,Leadership,Maths,Creative,Entrepreneur
Business,Practical,Biology,Analytical,Business Analyst
Government Jobs,Analytical Thinking,Arts,Social,IAS Officer
Business,Creativity,Biology,Practical,Manager
Creative,Creativity,Maths,Social,Content Creator
Government Jobs,Practical,Maths,Leader,Bank Officer
Business,Practical,Computer Science,Creative,Entrepreneur
Teaching,Communication,Computer Science,Creative,Lecturer
Business,Physical Fitness,Commerce,Social,Manager
Government Jobs,Leadership,Commerce,Leader,IAS Officer
Technology,Problem Solving,Arts,Creative,Software Engineer
Defense,Communication,Commerce,Creative,Airforce Officer
Defense,Leadership,Biology,Creative,Airforce Officer
Technology,Analytical Thinking,Computer Science,Social,Software Engineer
Creative,Communication,Computer Science,Social,Animator
Medical,Creativity,Computer Science,Social,Nurse
Technology,Communication,None,Practical,Web Developer
Medical,Physical Fitness,Commerce,Leader,Lab Technician
Hospitality,Communication,Arts,Creative,Chef
Medical,Creativity,Arts,Social,Nurse
Business,Communication,Commerce,Creative,Manager
Business,Communication,Arts,Social,Business Analyst
Hospitality,Physical Fitness,Maths,Leader,Tourism Manager
Business,Problem Solving,Biology,Practical,Manager
Creative,Creativity,Maths,Social,Animator
Agriculture,Physical Fitness,Maths,Analytical,Agri Business
Defense,Creativity,None,Practical,Army Officer
Sports,Analytical Thinking,None,Analytical,Athlete
Government Jobs,Physical Fitness,None,Creative,IAS Officer
Medical,Problem Solving,None,Social,Doctor
Business,Leadership,None,Creative,Entrepreneur
Business,Physical Fitness,Maths,Practical,Business Analyst
Business,Practical,Commerce,Leader,Entrepreneur
Business,Physical Fitness,Commerce,Social,Business Analyst
Hospitality,Problem Solving,Maths,Social,Chef
Government Jobs,Analytical Thinking,Commerce,Leader,Govt Officer
Agriculture,Leadership,Computer Science,Practical,Agri Business
Government Jobs,Communication,None,Creative,Bank Officer
Medical,Practical,Commerce,Social,Nurse
Agriculture,Practical,Biology,Creative,Agri Business
Sports,Leadership,Maths,Leader,Trainer
Teaching,Physical Fitness,Biology,Practical,Lecturer
Teaching,Practical,Commerce,Leader,Teacher
Technology,Leadership,Maths,Creative,AI Engineer
Defense,Communication,Arts,Social,Army Officer
Creative,Creativity,Arts,Practical,Graphic Designer
Agriculture,Physical Fitness,Arts,Leader,Agriculture Officer
Creative,Leadership,Biology,Practical,UI UX Designer
Creative,Analytical Thinking,Biology,Creative,Content Creator
Technology,Creativity,Maths,Practical,Software Engineer
Defense,Practical,Commerce,Creative,Army Officer
Agriculture,Creativity,Biology,Analytical,Farmer
Defense,Practical,Biology,Social,Navy Officer
Agriculture,Communication,Biology,Practical,Agriculture Officer
Creative,Leadership,Maths,Practical,Graphic Designer
Agriculture,Practical,Arts,Leader,Farmer
Business,Practical,Biology,Practical,Manager
Technology,Creativity,Computer Science,Practical,Software Engineer
Technology,Analytical Thinking,Commerce,Leader,Software Engineer
Technology,Leadership,Arts,Social,Software Engineer
Teaching,Problem Solving,Computer Science,Practical,Lecturer
Hospitality,Communication,None,Creative,Chef
Creative,Communication,Maths,Leader,Animator
Hospitality,Communication,Biology,Analytical,Tourism Manager
Teaching,Problem Solving,None,Practical,Lecturer
Hospitality,Analytical Thinking,Computer Science,Creative,Hotel Manager
Technology,Leadership,Computer Science,Practical,Software Engineer
Teaching,Communication,Arts,Creative,Teacher
Agriculture,Physical Fitness,Computer Science,Leader,Farmer
Creative,Physical Fitness,Biology,Analytical,Animator
Hospitality,Problem Solving,Arts,Creative,Hotel Manager
Teaching,Leadership,Arts,Creative,Professor
Defense,Physical Fitness,Biology,Analytical,Army Officer
Agriculture,Problem Solving,Biology,Social,Agriculture Officer
Medical,Practical,Commerce,Leader,Nurse
Medical,Creativity,Biology,Analytical,Pharmacist
Creative,Practical,Arts,Creative,UI UX Designer
Sports,Problem Solving,Maths,Creative,Athlete
Teaching,Physical Fitness,Maths,Practical,Teacher
Hospitality,Communication,None,Leader,Chef
Government Jobs,Creativity,Computer Science,Practical,Govt Officer
Creative,Communication,Biology,Leader,UI UX Designer
Medical,Physical Fitness,Commerce,Social,Lab Technician
Hospitality,Problem Solving,None,Creative,Tourism Manager
Business,Leadership,Commerce,Social,Business Analyst
Agriculture,Leadership,Maths,Leader,Agri Business
Sports,Physical Fitness,Arts,Leader,Trainer
Medical,Analytical Thinking,Commerce,Social,Nurse
Sports,Physical Fitness,Biology,Leader,Coach
Government Jobs,Communication,Computer Science,Practical,IAS Officer
Sports,Communication,None,Creative,Coach
Defense,Practical,None,Creative,Airforce Officer
Hospitality,Communication,None,Practical,Chef
Government Jobs,Practical,None,Leader,Bank Officer
Medical,Creativity,Arts,Practical,Pharmacist
Technology,Physical Fitness,Maths,Practical,AI Engineer
Technology,Creativity,Commerce,Leader,Software Engineer
Teaching,Analytical Thinking,None,Leader,Professor
Technology,Physical Fitness,Maths,Analytical,AI Engineer
Technology,Leadership,Arts,Social,Data Scientist
Hospitality,Analytical Thinking,Biology,Creative,Hotel Manager
Teaching,Physical Fitness,Biology,Creative,Professor
Creative,Practical,Maths,Practical,Animator
Defense,Communication,Maths,Practical,Airforce Officer
Creative,Practical,Arts,Social,UI UX Designer
Sports,Practical,Arts,Analytical,Athlete
Medical,Communication,Biology,Practical,Nurse
Medical,Communication,Computer Science,Analytical,Pharmacist
Hospitality,Creativity,Computer Science,Analytical,Hotel Manager
Technology,Creativity,Maths,Practical,Software Engineer
Defense,Problem Solving,Commerce,Leader,Airforce Officer
Medical,Physical Fitness,Commerce,Analytical,Lab Technician
Teaching,Analytical Thinking,Biology,Leader,Professor
Sports,Practical,Computer Science,Practical,Trainer
Creative,Problem Solving,Computer Science,Analytical,UI UX Designer
Business,Problem Solving,Arts,Analytical,Entrepreneur
Hospitality,Physical Fitness,None,Analytical,Tourism Manager
Government Jobs,Creativity,None,Social,Govt Officer
Government Jobs,Physical Fitness,Commerce,Social,IAS Officer
Technology,Practical,Arts,Analytical,Data Scientist
Business,Physical Fitness,Arts,Creative,Manager
Business,Communication,Maths,Leader,Business Analyst
Technology,Physical Fitness,None,Analytical,Web Developer
Technology,Problem Solving,None,Practical,Software Engineer
Business,Problem Solving,Computer Science,Creative,Manager
Agriculture,Problem Solving,Biology,Social,Farmer
Technology,Practical,Commerce,Creative,Data Scientist
Teaching,Analytical Thinking,Biology,Creative,Professor
Business,Analytical Thinking,Biology,Practical,Entrepreneur
Hospitality,Communication,Computer Science,Leader,Chef
Technology,Leadership,Commerce,Social,AI Engineer
Teaching,Problem Solving,Arts,Social,Teacher
Business,Analytical Thinking,None,Social,Manager
Teaching,Creativity,Arts,Creative,Lecturer
Defense,Analytical Thinking,Biology,Practical,Army Officer
Agriculture,Leadership,Commerce,Practical,Agriculture Officer
Business,Problem Solving,Maths,Analytical,Entrepreneur
Creative,Creativity,Commerce,Analytical,Content Creator
Business,Leadership,Arts,Practical,Manager
Medical,Creativity,Commerce,Leader,Pharmacist
Hospitality,Communication,Arts,Creative,Tourism Manager
Sports,Leadership,Biology,Practical,Coach
Sports,Communication,Commerce,Practical,Coach
Creative,Leadership,Biology,Social,Animator
Teaching,Communication,None,Social,Professor
Sports,Practical,Commerce,Leader,Coach
Technology,Leadership,None,Practical,Web Developer
Government Jobs,Analytical Thinking,None,Social,IAS Officer
Hospitality,Practical,Computer Science,Creative,Tourism Manager
Business,Communication,Computer Science,Analytical,Entrepreneur
Creative,Practical,Arts,Social,Content Creator
Technology,Problem Solving,Maths,Creative,Software Engineer
Government Jobs,Problem Solving,Arts,Practical,Bank Officer
Business,Physical Fitness,Maths,Leader,Business Analyst
Hospitality,Physical Fitness,Commerce,Creative,Hotel Manager
Business,Leadership,Arts,Creative,Business Analyst
Sports,Practical,Biology,Social,Coach
Business,Analytical Thinking,Computer Science,Creative,Entrepreneur
Technology,Problem Solving,Biology,Social,Software Engineer
Creative,Communication,Computer Science,Social,Graphic Designer
Agriculture,Communication,Maths,Practical,Agri Business
Sports,Communication,None,Leader,Trainer
Business,Practical,Computer Science,Social,Business Analyst
Agriculture,Problem Solving,Commerce,Leader,Farmer
Hospitality,Leadership,Computer Science,Leader,Tourism Manager
Business,Problem Solving,Computer Science,Social,Business Analyst
Sports,Communication,Maths,Creative,Athlete
Technology,Problem Solving,Biology,Practical,Data Scientist
Teaching,Communication,Commerce,Leader,Professor
Technology,Physical Fitness,Commerce,Practical,AI Engineer
Sports,Analytical Thinking,Maths,Social,Coach
Defense,Analytical Thinking,Commerce,Practical,Airforce Officer
Defense,Problem Solving,Arts,Analytical,Airforce Officer
Government Jobs,Problem Solving,Computer Science,Social,Govt Officer
Agriculture,Physical Fitness,Biology,Creative,Agriculture Officer
Business,Leadership,Arts,Social,Manager
Business,Creativity,Arts,Analytical,Entrepreneur
Sports,Physical Fitness,Commerce,Creative,Coach
Creative,Leadership,None,Leader,Content Creator
Technology,Analytical Thinking,None,Social,Software Engineer
Medical,Creativity,None,Leader,Lab Technician
Government Jobs,Analytical Thinking,Maths,Leader,Bank Officer
Hospitality,Analytical Thinking,Biology,Analytical,Hotel Manager
Medical,Problem Solving,Commerce,Practical,Lab Technician
Business,Practical,Computer Science,Leader,Entrepreneur
Defense,Leadership,Computer Science,Creative,Airforce Officer
Government Jobs,Creativity,Computer Science,Practical,Bank Officer
Defense,Physical Fitness,None,Analytical,Navy Officer
Technology,Leadership,Maths,Creative,Data Scientist
Creative,Creativity,Biology,Leader,Graphic Designer
Medical,Creativity,None,Analytical,Lab Technician
Creative,Physical Fitness,Biology,Leader,UI UX Designer
Technology,Analytical Thinking,Biology,Social,Web Developer
Government Jobs,Creativity,Biology,Leader,Govt Officer
Agriculture,Problem Solving,Arts,Creative,Farmer
Business,Physical Fitness,Computer Science,Leader,Entrepreneur
Medical,Physical Fitness,None,Creative,Nurse
Hospitality,Communication,Computer Science,Analytical,Tourism Manager
Creative,Practical,Commerce,Analytical,Graphic Designer
Defense,Leadership,Biology,Social,Navy Officer
Technology,Analytical Thinking,Maths,Social,Software Engineer
Government Jobs,Leadership,Biology,Leader,Bank Officer
Teaching,Leadership,Maths,Practical,Lecturer
Defense,Problem Solving,Commerce,Practical,Airforce Officer
Government Jobs,Creativity,Computer Science,Practical,Bank Officer
Government Jobs,Communication,Arts,Creative,Bank Officer
Sports,Practical,Arts,Social,Coach
Creative,Analytical Thinking,Computer Science,Social,UI UX Designer
Hospitality,Physical Fitness,Commerce,Practical,Tourism Manager
Creative,Analytical Thinking,Computer Science,Leader,Graphic Designer
Agriculture,Communication,Maths,Analytical,Farmer
Medical,Physical Fitness,Arts,Practical,Nurse
Defense,Physical Fitness,Maths,Analytical,Army Officer
Teaching,Problem Solving,Biology,Leader,Teacher
Technology,Problem Solving,Computer Science,Analytical,Software Engineer
Defense,Practical,Arts,Social,Army Officer
Hospitality,Analytical Thinking,Arts,Creative,Hotel Manager
Teaching,Practical,Biology,Creative,Professor
Teaching,Communication,Arts,Analytical,Lecturer
Government Jobs,Physical Fitness,Commerce,Social,Bank Officer
Defense,Physical Fitness,None,Leader,Army Officer
Technology,Physical Fitness,Biology,Practical,AI Engineer
Creative,Practical,Computer Science,Leader,Content Creator
Government Jobs,Creativity,Arts,Social,Govt Officer
Medical,Communication,Commerce,Social,Doctor
Defense,Creativity,Biology,Social,Army Officer
Defense,Leadership,None,Social,Airforce Officer
Agriculture,Creativity,Computer Science,Leader,Agriculture Officer
Defense,Communication,Computer Science,Analytical,Army Officer
Hospitality,Practical,Commerce,Practical,Hotel Manager
Hospitality,Practical,Commerce,Leader,Tourism Manager
Government Jobs,Leadership,Arts,Practical,Bank Officer
Defense,Practical,None,Creative,Airforce Officer
Government Jobs,Problem Solving,None,Practical,Govt Officer
Teaching,Communication,Computer Science,Social,Teacher
Government Jobs,Communication,Maths,Creative,Bank Officer
Defense,Physical Fitness,None,Practical,Airforce Officer
Medical,Practical,Arts,Social,Lab Technician
Technology,Problem Solving,None,Practical,AI Engineer
Teaching,Problem Solving,Arts,Practical,Teacher
Agriculture,Practical,Arts,Creative,Agriculture Officer
Teaching,Analytical Thinking,Computer Science,Leader,Lecturer
Teaching,Problem Solving,Computer Science,Analytical,Lecturer
Hospitality,Physical Fitness,Computer Science,Leader,Hotel Manager
Defense,Analytical Thinking,Biology,Practical,Airforce Officer
Teaching,Practical,Commerce,Leader,Lecturer
Agriculture,Analytical Thinking,Arts,Creative,Agriculture Officer
Medical,Leadership,Maths,Social,Pharmacist
Creative,Problem Solving,Biology,Practical,UI UX Designer
Hospitality,Creativity,Commerce,Analytical,Chef
Business,Physical Fitness,Commerce,Leader,Entrepreneur
Government Jobs,Creativity,Biology,Leader,Govt Officer
Defense,Communication,Biology,Social,Navy Officer
Sports,Analytical Thinking,Biology,Creative,Athlete
Creative,Communication,Biology,Leader,Content Creator
Agriculture,Practical,Maths,Analytical,Agriculture Officer
Agriculture,Creativity,Arts,Leader,Agriculture Officer
Technology,Analytical Thinking,Computer Science,Leader,Web Developer
Medical,Creativity,None,Leader,Pharmacist
Defense,Problem Solving,Biology,Social,Airforce Officer
Business,Communication,Biology,Leader,Manager
Agriculture,Analytical Thinking,Biology,Creative,Farmer
Technology,Practical,None,Social,Software Engineer
Sports,Problem Solving,Arts,Leader,Coach
Creative,Leadership,Biology,Social,Animator
Technology,Physical Fitness,Maths,Leader,AI Engineer
Sports,Physical Fitness,Commerce,Practical,Coach
Creative,Analytical Thinking,Arts,Leader,Animator
Agriculture,Communication,Maths,Social,Agri Business
Sports,Leadership,Maths,Analytical,Athlete
Hospitality,Practical,Computer Science,Analytical,Hotel Manager
Sports,Problem Solving,Commerce,Leader,Coach
Agriculture,Analytical Thinking,Biology,Practical,Agri Business
Hospitality,Analytical Thinking,None,Social,Tourism Manager
Government Jobs,Communication,Computer Science,Analytical,Bank Officer
Defense,Leadership,Maths,Creative,Army Officer
Sports,Problem Solving,None,Social,Trainer
Medical,Problem Solving,Maths,Creative,Nurse
Defense,Analytical Thinking,Commerce,Social,Airforce Officer
Defense,Physical Fitness,Arts,Analytical,Airforce Officer
Business,Communication,None,Social,Manager
Hospitality,Practical,Biology,Practical,Tourism Manager
Defense,Practical,Biology,Social,Airforce Officer
Medical,Communication,None,Creative,Lab Technician
Medical,Practical,Arts,Social,Pharmacist
Defense,Creativity,Maths,Practical,Airforce Officer
Agriculture,Communication,None,Practical,Farmer
Sports,Leadership,Biology,Leader,Athlete
Agriculture,Problem Solving,None,Leader,Agriculture Officer
Medical,Creativity,Computer Science,Leader,Pharmacist
Business,Analytical Thinking,None,Leader,Business Analyst
Technology,Analytical Thinking,Commerce,Analytical,Data Scientist
Agriculture,Creativity,Arts,Analytical,Agriculture Officer
Teaching,Problem Solving,Commerce,Analytical,Lecturer
Government Jobs,Practical,None,Creative,IAS Officer
Business,Leadership,Biology,Creative,Manager
Defense,Leadership,Maths,Analytical,Army Officer
Medical,Practical,Commerce,Analytical,Nurse
Business,Communication,Biology,Creative,Manager
Technology,Analytical Thinking,Computer Science,Practical,AI Engineer
Business,Communication,Commerce,Social,Manager
Technology,Leadership,Maths,Leader,Data Scientist
Sports,Analytical Thinking,Computer Science,Creative,Athlete
Hospitality,Problem Solving,Arts,Analytical,Hotel Manager
Defense,Communication,Arts,Leader,Navy Officer
Business,Physical Fitness,Maths,Analytical,Business Analyst
Business,Creativity,Biology,Leader,Business Analyst
Medical,Creativity,Biology,Social,Nurse
Business,Creativity,Biology,Practical,Manager
Technology,Leadership,None,Social,AI Engineer
Hospitality,Leadership,Arts,Creative,Chef
Teaching,Analytical Thinking,Computer Science,Social,Professor
Agriculture,Practical,Biology,Social,Agri Business
Sports,Leadership,Computer Science,Leader,Trainer
Hospitality,Practical,Arts,Practical,Tourism Manager
Medical,Problem Solving,Maths,Analytical,Nurse
Medical,Physical Fitness,Arts,Practical,Pharmacist
Hospitality,Leadership,Computer Science,Analytical,Hotel Manager
Business,Creativity,Biology,Leader,Business Analyst
Government Jobs,Creativity,Biology,Practical,IAS Officer
Business,Problem Solving,Maths,Leader,Business Analyst
Agriculture,Practical,Arts,Practical,Agriculture Officer
Medical,Communication,Commerce,Analytical,Doctor
Medical,Leadership,Maths,Analytical,Nurse
Teaching,Physical Fitness,Arts,Analytical,Lecturer
Sports,Physical Fitness,Commerce,Creative,Athlete
Business,Communication,Biology,Analytical,Entrepreneur
Technology,Problem Solving,None,Creative,Data Scientist
Government Jobs,Creativity,Computer Science,Social,IAS Officer
Creative,Analytical Thinking,Maths,Creative,UI UX Designer
Agriculture,Problem Solving,Commerce,Analytical,Farmer
Government Jobs,Communication,Biology,Analytical,IAS Officer
Agriculture,Physical Fitness,Maths,Leader,Agri Business
Creative,Physical Fitness,Biology,Practical,Animator
Creative,Leadership,None,Practical,UI UX Designer
Sports,Physical Fitness,Biology,Leader,Athlete
Teaching,Creativity,Arts,Practical,Professor
Sports,Leadership,Commerce,Practical,Coach
Business,Problem Solving,Commerce,Practical,Entrepreneur
Sports,Practical,Computer Science,Practical,Coach
Creative,Practical,Commerce,Creative,Animator
Agriculture,Communication,Maths,Analytical,Agriculture Officer
Business,Problem Solving,Computer Science,Leader,Entrepreneur
Hospitality,Communication,Commerce,Creative,Hotel Manager
Teaching,Problem Solving,Biology,Leader,Professor
Teaching,Communication,Computer Science,Creative,Teacher
Sports,Problem Solving,Biology,Analytical,Athlete
Agriculture,Creativity,Biology,Practical,Agri Business
Teaching,Problem Solving,Maths,Analytical,Lecturer
Teaching,Analytical Thinking,Commerce,Practical,Teacher
Sports,Physical Fitness,Maths,Analytical,Trainer
Sports,Leadership,Commerce,Creative,Trainer
Government Jobs,Physical Fitness,Maths,Practical,IAS Officer
Agriculture,Physical Fitness,None,Leader,Agriculture Officer
Agriculture,Leadership,None,Social,Agri Business
Medical,Physical Fitness,Commerce,Leader,Doctor
Medical,Problem Solving,None,Analytical,Pharmacist
Technology,Practical,Computer Science,Analytical,AI Engineer
Medical,Problem Solving,None,Practical,Pharmacist
Creative,Practical,Biology,Practical,Graphic Designer
Creative,Communication,Biology,Creative,Animator
Creative,Communication,Biology,Analytical,UI UX Designer
Hospitality,Practical,Maths,Practical,Hotel Manager
Business,Creativity,Commerce,Practical,Business Analyst
Agriculture,Communication,Computer Science,Analytical,Farmer
Hospitality,Problem Solving,None,Leader,Tourism Manager
Creative,Analytical Thinking,Biology,Creative,Animator
Government Jobs,Analytical Thinking,Commerce,Creative,IAS Officer
Government Jobs,Creativity,Biology,Analytical,Bank Officer
Creative,Leadership,Arts,Practical,Graphic Designer
Government Jobs,Analytical Thinking,Computer Science,Analytical,IAS Officer
Business,Leadership,Computer Science,Leader,Manager
Medical,Practical,None,Analytical,Nurse
Teaching,Analytical Thinking,Arts,Leader,Professor
Government Jobs,Problem Solving,Biology,Practical,Bank Officer
Medical,Leadership,None,Practical,Doctor
Business,Practical,Maths,Analytical,Manager
Technology,Creativity,Maths,Creative,Data Scientist
Business,Communication,Computer Science,Creative,Business Analyst
Medical,Communication,Maths,Leader,Lab Technician
Business,Physical Fitness,Biology,Practical,Business Analyst
Business,Analytical Thinking,Biology,Analytical,Entrepreneur
Agriculture,Physical Fitness,Maths,Analytical,Agri Business
Government Jobs,Leadership,Biology,Social,IAS Officer
Technology,Analytical Thinking,Commerce,Practical,Software Engineer
Government Jobs,Problem Solving,Commerce,Creative,IAS Officer
Government Jobs,Leadership,None,Analytical,Bank Officer
Creative,Practical,Biology,Leader,Content Creator
Government Jobs,Analytical Thinking,Arts,Practical,Govt Officer
Agriculture,Analytical Thinking,Biology,Practical,Agri Business
Defense,Analytical Thinking,Biology,Social,Army Officer
Hospitality,Practical,Computer Science,Creative,Tourism Manager
Sports,Leadership,Commerce,Creative,Coach
Government Jobs,Physical Fitness,Computer Science,Social,Govt Officer
Medical,Problem Solving,Computer Science,Creative,Lab Technician
Business,Practical,Commerce,Creative,Entrepreneur
Defense,Creativity,Arts,Analytical,Navy Officer
Creative,Analytical Thinking,Biology,Creative,UI UX Designer
Business,Communication,Commerce,Analytical,Entrepreneur
Creative,Practical,Arts,Leader,Animator
Agriculture,Communication,Computer Science,Analytical,Farmer
Medical,Problem Solving,Maths,Social,Doctor
Hospitality,Problem Solving,Biology,Social,Chef
Agriculture,Problem Solving,Commerce,Creative,Farmer
Hospitality,Practical,None,Creative,Hotel Manager
Teaching,Leadership,None,Social,Teacher
Hospitality,Creativity,Computer Science,Practical,Tourism Manager
Creative,Leadership,Commerce,Creative,Graphic Designer
Medical,Analytical Thinking,Computer Science,Creative,Nurse
Business,Physical Fitness,Commerce,Creative,Manager
Sports,Leadership,Biology,Analytical,Coach
Creative,Physical Fitness,Biology,Leader,Animator
Medical,Practical,None,Creative,Lab Technician
Government Jobs,Leadership,Maths,Practical,Bank Officer
Business,Creativity,Biology,Creative,Business Analyst
Business,Problem Solving,Biology,Creative,Manager
Business,Creativity,None,Leader,Entrepreneur
Business,Problem Solving,Arts,Analytical,Business Analyst
Teaching,Analytical Thinking,Arts,Leader,Professor
Technology,Problem Solving,None,Social,Software Engineer
Agriculture,Leadership,Computer Science,Analytical,Agriculture Officer
Teaching,Communication,Commerce,Analytical,Professor
Sports,Physical Fitness,Commerce,Leader,Coach
Creative,Creativity,Maths,Practical,Content Creator
Hospitality,Leadership,None,Analytical,Hotel Manager
Business,Practical,Biology,Analytical,Manager
Creative,Practical,Computer Science,Creative,Animator
Agriculture,Physical Fitness,Arts,Practical,Farmer
Business,Creativity,None,Practical,Entrepreneur
Hospitality,Practical,Arts,Social,Tourism Manager
Agriculture,Analytical Thinking,Maths,Analytical,Farmer
Hospitality,Physical Fitness,Maths,Practical,Hotel Manager
Sports,Physical Fitness,Maths,Analytical,Athlete
Business,Practical,Arts,Practical,Business Analyst
Business,Practical,None,Creative,Business Analyst
Creative,Communication,Computer Science,Social,UI UX Designer
Agriculture,Practical,None,Analytical,Farmer
Hospitality,Analytical Thinking,Arts,Analytical,Chef
Teaching,Analytical Thinking,Computer Science,Practical,Professor
Teaching,Creativity,Maths,Practical,Teacher
Hospitality,Practical,Commerce,Social,Hotel Manager
Teaching,Communication,None,Leader,Teacher
Government Jobs,Communication,None,Creative,Govt Officer
Technology,Leadership,Arts,Social,Software Engineer
Business,Physical Fitness,Biology,Creative,Business Analyst
Hospitality,Physical Fitness,None,Social,Tourism Manager
Business,Physical Fitness,Commerce,Leader,Business Analyst
Defense,Physical Fitness,Maths,Analytical,Airforce Officer
Medical,Creativity,Arts,Leader,Nurse
Defense,Analytical Thinking,Arts,Social,Army Officer
Government Jobs,Practical,Maths,Social,IAS Officer
Hospitality,Communication,Computer Science,Creative,Hotel Manager
Creative,Physical Fitness,Arts,Creative,Graphic Designer
Agriculture,Creativity,Biology,Practical,Agri Business
Defense,Analytical Thinking,Commerce,Social,Airforce Officer
Hospitality,Leadership,Computer Science,Practical,Chef
Technology,Physical Fitness,Arts,Creative,Software Engineer
Medical,Problem Solving,None,Leader,Lab Technician
Sports,Problem Solving,Maths,Creative,Athlete
Sports,Practical,Biology,Social,Coach
Technology,Creativity,None,Creative,Data Scientist
Business,Problem Solving,Biology,Analytical,Business Analyst
Agriculture,Creativity,Arts,Creative,Agriculture Officer
Defense,Communication,None,Analytical,Airforce Officer
Business,Practical,Computer Science,Leader,Entrepreneur
Agriculture,Creativity,None,Analytical,Agri Business
Sports,Creativity,None,Creative,Coach
Medical,Physical Fitness,Computer Science,Analytical,Doctor
Teaching,Physical Fitness,Computer Science,Leader,Teacher
Creative,Creativity,Biology,Social,Content Creator
Defense,Problem Solving,None,Leader,Airforce Officer
